,
,
,
,
,
,
,
,
State ,ZIP 
CA,91950
ACT,2602
CA,92116
CA,92533
CA,92131
 , 
 , 
 , 
 , 
CA,92154
TX,77535
 , 
CA,92028
CA,95228
NH,3281
CA,92037
CA,92122
 , 
CA,92131
CA,95212
CA,95212
 , 
CA,92078
CA,92584
CO,91915
CA,92131
CA,93065
CA,92108
 , 
TX,78552
 , 
 , 
 , 
 , 
NC,28027
CA,91768
CA,92026
CA,92104
WI,54301
CA,92106
CA,95630
CA,95630
 , 
CA,90250
CA,90250
NE,68164
CA,91978
NSW,2335
CA,92102
CO,80112
CA,92612
CA,92145
CA,95132
CA,90808
OR,97741
OR,97741
CA,92583
CA,91723
CA,92108
HI,96789
CA,92101
CA,92833
CA,92833
CA,92833
CA,92408
CA,93225
CA,92126
CA,92126
CA,92101
CA,91384
CA,91342
CA,92130
CA,92057
CA,91911
CA,92563
CA,92103
CA,92130
CA,92683
CA,91306
CA,91910
CA,92056
CA,92925
CA,92545
CA,92027
AZ,85301
CA,91331
CA,92058
TX,78046
TX,78045
CA,92105
TX,77388
TX,79938
CA,92545
CA,92114
CA,91709
CO,92120
CA,92120
CA,92108
CA,92101
CA,91343
CA,90703
CA,91910
 , 
CA,92078
CO,91748
CA,92126
CA,92122
CA,91709
NC,27530
CA,94601
CA,94601
WI,98053
 , 
CA,92105
CA,92126
MD,21076
CA,94134
CO,94404
CA,91343
CA,91902
CA,92026
CO,92117
CA,92054
 , 
 , 
CA,92111
CA,94904
WA,98001
NJ,8005
CA,92021
CA,92703
CA,92544
CA,91913
OR,97540
CA,92111
CA,92688
CA,92027
CO,92595
CA,92130
CA,92504
CA,92509
CA,95135
CA,91913
CA,92260
CO,90242
CA,91919
CA,92103
CA,91739
CA,91915
CA,92618
CA,92107
CA,95111
CA,94703
CA,94703
CA,92020
 , 
CA,91701
CA,94115
CA,92111
CA,92118
CA,92115
CA,92104
CA,92128
CA,92128
 , 
LA,70118
CA,92020
CA,90250
CA,92101
CA,92101
CA,92109
CO,92037
CA,92122
 , 
CO,92081
CA,93720
CA,92109
CA,92109
CA,90045
CA,92104
CA,92679
 , 
CA,94568
CA,92307
ON,N5X 4J3
CA,92203
CA,92507
 , 
CA,90603
CA,92109
CA,92109
CO,92117
CA,90049
CA,91011
CA,92101
CA,92056
CA,92109
CA,95624
CA,92106
CA,92508
CA,92122
CA,95624
CA,91702
CA,92071
CA,90621
CA,92335
 , 
CA,92101
CA,92064
CA,92672
CO,91913
CA,92335
CO,95023
CA,92223
 , 
CA,92122
MN,55413
CA,92115
CA,92130
CA,94587
CA,92105
CA,94720
CA,92109
CA,94401
MT,59101
CA,92867
CA,92101
CA,92101
CA,92277
CA,94111
CA,92103
CO,92104
CO,92104
 , 
TX,78593
CA,92026
CA,91915
CA,92592
CA,90805
CA,92027-3714
CA,92027
CA,92083
WA,98103
CA,92009
CO,92109
CA,92109
CA,92407
CA,92103
CA,90274
 ,04002-002
 , 
IL,62629
CA,91950
 , 
CO,92111
CA,92025
IL,60025
CA,92648
CA,92692
 , 
CA,92115
CA,92109-6604
CO,95320
CA,91911
CA,92113
CA,91911
CA,91911
CA,91911
CA,92105
CA,92122
CA,92592
CA,92101
CA,92122
TX,77494
CA,95409
CA,92126
CA,92115
 , 
CA,92126
VA,22304
CA,92705
CA,91711
CA,92506
CO,80122
CA,92105
CA,92115
CA,92101
CA,92672
CA,93117
CA,93908
CA,92117
CA,92103
CA,90201
MO,65059
CA,92103
CA,92139
CA,94061
CA,91945
CO,80205
CA,92009
CA,91709
DC,20001
NY,10543
CA,92103
CA,92111
CA,92223
CA,92106-1834
CA,92672
CO,80015
CA,92117
CA,92104
CA,92130
CA,92029
CA,92203
CA,92115
CA,94710
CA,92101
CA,92129
CA,92101
CA,91361
IL,60093
CA,92104
WA,98938
CA,93710
WA,98292
CA,91932
CA,92115
CA,91423
CA,92115
CA,94925
CA,90401
CA,95125
CA,92563
MA,2445
 , 
PA,19426
CA,93108
CA,92109
CA,92101
CA,90301
CA,92025
CA,92103
CA,91913
CA,92111
 , 
 , 
CA,94506
CA,91724
CA,92126
CO,91324
AZ,85356
CA,93535
CA,92107
CA,92107
CA,92010
CA,92620
CA,92037
CA,92117
CA,92065
CA,93704
MB,R3P1E6
CA,92128
CA,91762
CA,92154
CA,94523
CA,92065
CA,92117
CA,92111
CA,92059
 ,92119
CA,92139
CA,92064
CA,92679
CA,91910
CA,91942
CA,95050
CO,92103
CA,92115
CA,92122
CA,90717
CA,90717
CA,92626
OH,43081
CA,92101
CA,91711
CA,91950
CO,92027
NY,10025
NY,10010
CA,92026
CA,92026
CA,92108
CA,93402
PA,16066
PA,16066
CA,92101
ON,L3M 5M2
CA,92410
CA,92117
CA,92009
CA,91006
CA,91108
CA,91744
CA,92673
 , 
 , 
CA,92557
CA,92606
CA,92562
CA,92103
CA,92110
CA,92103
CA,92027
CA,91977
CA,92128
DC,20001
CA,92782
CA,92115
TX,75248
CA,92082
CO,92122
CA,92582
CA,92111
CA,92126
CA,92109
CA,92646
WI,53051
WA,98332
CA,92027
WA,98033
CA,91724
CA,92126
CA,92128
CO,92128
CA,92101
CA,94087
MN,55422
CA,92115
CA,92110
CA,92602
CA,92102
CA,91902
CA,92054
CA,91711
CA,92117
CA,92126
CA,92122
CA,92123
CA,90631
 , 
 , 
CA,94558
CA,92584
CA,95206
CA,92227
AZ,85298
CA,92672
CA,94607
CA,90630
CA,91765
MA,1845
CA,92109
HI,96707
CA,92625
 , 
CA,92037
CA,92563
CA,91709
CA,92562
 , 
CA,92105
CO,92054
 , 
CA,92101
CA,92563
CA,91913
CA,91352
CA,92123
CA,92101
CA,92101
CA,91941
CA,92115
CA,92116
CA,92626
CA,92563
CA,92227
CA,91932
CA,91737
CA,92101
IL,60514
CA,92101
CA,92101
CA,91701
CA,92117
CA,92020
CA,92109
WA,98335
CA,90404
CA,92109
CA,95618
CO,92103
CA,90260
CA,92020
CA,92118
CA,93703
CA,92346
CA,92101
CA,92122
CA,91403
CO,80206
 , 
CA,92109
CA,92116
CA,90232
CA,92122
CA,92109
CA,92661
VA,22202
CA,92115
CA,91914
CA,93021
CA,92026
CA,92026
 , 
CA,92011
CA,92154
CA,92708
 , 
CA,92056
CA,91024
CA,92107
CO,92111
CA,92508
 , 
CA,92692
CO,80304
CA,92101
CA,92679
CO,92115
CA,92804
CA,92553
WA,98203
CA,92804
CA,92126
CA,92620
CA,92115
 , 
CA,92114
CA,92114
 , 
IL,60133
CA,92025
CA,90638
CA,92105
CA,93907
CA,92571
CA,92103
CA,92126
 , 
CA,92570
CO,92672
CO,92672
CA,92116
CA,91913
CA,95682
CO,92663
NM,87120
CA,92101
CA,92071
CA,91737
CA,92501
CA,92027
CA,95054
CA,94710
CA,92503
CA,92101
CA,91390
WA,98335
CA,92831
CA,92618
 , 
CA,92831
CA,92672
CO,92683
CT,80239
CA,92105
CA,92114
CA,92122
CA,91331
CA,92114
PA,97221
UT,84081
CA,92109
CA,92121
CA,92122
CA,92108
CA,92126
WA,98136
CA,95210
CA,95135
CA,98102
CA,92804
CA,92101
CA,90804
CA,92113
CA,92029
CA,92115
CA,91950
CA,92116
CA,92101
CA,92101
CA,92109
MO,64850
CO,90045
CA,92624
CA,92173
CO,92115
CA,92104
CA,90250
CA,95128
OR,73099
CA,92116
 , 
CA,92182
CA,92673
CA,93434
CA,92114
CA,91942
CA,92509
CO,91504
GA,30135
CO,80206
CA,92109
CA,92108
CA,92111
CA,92591
CA,92101
CA,92109
 , 
CA,92508
CA,94566
CA,92021
CA,92021
CA,92021
CA,91945
CA,91710
CA,92117
CA,92111
CA,91764
 ,77933
CA,90022
CA,92078
CA,92126
CA,91915
CA,91950
CA,95120
CA,92603
CA,92129
 , 
CA,90024
CA,92131
CA,92612
CA,95826
CA,92078
CA,91910
CA,92104
CA,92563
CA,92109
CA,92104
CA,90660
CA,92064
CO,92504
CA,92064
CA,92101
CA,90713
CA,92115
CA,95765
CA,92780
CA,92109
CA,91913
CA,92101
CA,92122
CA,92108
CA,92691
CA,90266
CA,92107
CA,92115
NJ,8043
CA,92109
 , 
 , 
CA,91911
CA,92054
CA,91307
CA,92589
CA,92110
CA,92887
CA,92029
CA,92029
CA,92109
NY,11040
CA,90275
CA,94561
IL,62703
CA,92595
CA,92025
CA,92109
CA,92104
CA,92109
CA,92582
CA,91941
CA,91977
 , 
CA,92109
CA,92107
CO,92617
CA,92126
CA,92260
CA,94066
CA,92059
CA,92116
CA,92102
CA,91942
CA,93420
CA,95135
CA,92117
AZ,85224
AZ,85224
AZ,85224
CO,92107
CA,91701
CA,91710
CA,92145
CA,92504
CA,92105
CA,92591
CA,92124
CA,91711
CA,92683
CA,92683
CA,92109
CO,80003
CA,92653
CO,92109
CA,93101
CA,92122
CA,92108
CA,92154
CO,92109-2336
CO,92109-2336
CA,90036
FL,33132
CA,92104
CA,90275
CO,90723
CO,90723
CO,90723
CA,92117
CA,91773
CO,92121
CA,90713
CA,92126
CA,92109
CA,90631
CA,92110
CA,92103
CA,92108
CA,92057
 , 
CA,92108
OR,97035
CA,92103
 , 
CA,92011
CA,92193
CA,92692
 , 
CA,92117
CA,90025
CA,92130
CA,91911
CA,92101-2978
CA,92122
CA,92122
CA,92673
 , 
CA,91941
CA,92173
CA,92025
CA,92108
OK,73080
CA,92130
 , 
CA,92111
 , 
 , 
 , 
NJ,7701
CA,92040
CA,92126
CA,92139
 , 
CA,92597
CA,92704
CA,90275
CA,92101
CA,91910
 , 
 , 
CA,91311
CA,92103
CA,92126
FL,32508
CA,92122
CA,93636
TX,77095
CA,92101
 , 
CO,92105
CA,92083
CO,80435
 , 
CA,92840
CA,92122
CA,92120
CA,92101
CA,92562
 , 
 , 
MA,1890
 , 
CA,92119
 , 
CA,92067
CA,92102
CA,92802
CA,91950
CA,94062
CA,92114
CA,93308
CA,92117
CA,92130
 , 
CA,92126
CA,92101
CA,92069
CA,91910
CA,91205
CA,92104
CA,91910
CA,91335
CA,95119
 ,22830
WA,98383
CA,92071
 , 
CA,92115
 , 
PA,18017
CA,92011
 , 
CA,92025
CA,91910
CA,91311
CA,92024
CA,92040
 , 
 , 
 , 
CA,92103
 , 
CA,92108
CA,92120
 , 
CA,92110
CA,92123
CA,92154
CA,92109
PA,15122
 , 
IA,52068
WA,98037
CA,92122
CA,90064
SD,57638
 , 
 , 
CA,92843
CA,92103
 , 
CA,90503
CA,9201
CA,92584
CA,92126
CA,92110
 ,52
CA,92336
CA,92154
CA,92173
CA,92109
CA,91791
CA,95032
CA,92392
CA,92101
 , 
CA,92117
CA,93015
HI,96720
OR,97040
CA,92101
CA,92024
CA,91977
CA,90606
 , 
 , 
CA,92109
CA,92651
CA,95823
CA,92507
 , 
 , 
MN,56472
CA,92122
UT,77301
CA,92126
CA,92844
CA,92703
CA,92843
CA,92844
CA,93720
CA,94556
CA,92101
 , 
CA,91914
CA,92115
CA,92596
CA,92054
CA,91321
NY,14224
CA,92121
CA,92040
CA,92118
CA,92103
CA,91914
CA,92120
CA,92114
CA,92114
CA,92116
CA,92127
 ,73034
MN,55408
CA,92110
CA,91205
CA,92123
CA,93551
CA,91945
 , 
CA,91911
 , 
CA,92567
CA,92103
CA,92009
CA,92606
CA,95125
OH,45219
 , 
 , 
CA,90011
CA,92103
 , 
CO,92028
CA,92113
 , 
 , 
 , 
CA,92078
MN,55420
CA,90032
TX,77833
OH,43230
CA,92154
TX,75205
CA,92082
AZ,85283
AZ,85283
CA,94506
 , 
 , 
CA,91941
CA,91941
CA,91941
 , 
CA,92122
CO,92128
TX,76014
 , 
CO,92123
 , 
MI,48313
CA,92706
CA,91910
CO,92126
 , 
CA,92122
CA,92122
VT,5851
OK,74012
 , 
 , 
CA,91204
CO,94107
 , 
CA,92107
CA,92009
CA,92084
 , 
NJ,7648
 , 
CA,92116
NC,28722
AB,T2M4A8
 , 
CA,93705
 , 
CA,96570
CA,93703
MN,55301
CA,95827
CA,95828
CA,91006
ID,83301-6328
CA,92101
 , 
CA,92057
CA,93905
CO,92127-3461
 , 
CA,92129
CA,92117
CA,92054
CA,92025
CA,91504
CA,92584
CA,91101
CA,92270
CA,92109
CA,92688
CA,92139
CA,92359
CA,92037
CA,92126
CA,91377
CA,92243
CA,92880
CA,92102
CA,92123
CA,92618
 , 
NJ,8550
CA,92154
CA,94578
CA,92028
CA,92028
CA,92028
CA,92105
CA,92231
CA,92059
CA,92028
CA,95618
CA,92026
CA,92130
CA,92130
 , 
CA,92122
CA,92551
CA,92020
OH,43004
 , 
CA,92139
CA,92139
CA,92120
OK,73112
ND,28227
CA,90292
CA,92860
CA,92104
CA,92115
UT,84123-1252
CA,92562
CA,93044
 , 
CA,91915
CA,95826
CA,92833
 , 
CA,94014
CA,95762
CA,92122
CA,92596
CO,92101
CO,92101
CA,92117
CO,92103
CA,90022
 , 
CA,92037
CA,92507
HI,96790
CA,91977
CA,92126
CA,92618
CA,90034
CA,92027
CO,91910
CA,92105
CA,92010
CA,92114
CA,92126
CA,93563
CA,92563
CA,92129
CA,92154
 ,175
CA,92129
CA,90014
CA,92120
CA,92108
CA,92103
 , 
 , 
CA,92831
CA,92841
CA,92037
CA,92113
CA,92113
CA,92113
CA,91302
 , 
CA,85018
 , 
CA,92101
CA,93561
CA,91902
CA,95051
NM,87501
CO,92025
CA,92708
CA,91977
CA,92122
CA,93110
 , 
CO,92109
 , 
CA,92105
 , 
CA,92102
CA,95616
CA,92123
 , 
CA,92081
CA,91913
CA,92111
CA,92308
CA,92593
HI,96818
CA,95573
CA,92102
CA,92101
CA,93552
CA,92119
CA,92688
CA,92505
CO,94520
 , 
 , 
CA,92020
CA,91790
CA,92563
CA,92117
CA,92308
CA,92120
CA,92120
CA,92584
CA,92107
 , 
CA,92118
CA,92154
TX,78415
CA,92029
CO,92102
CA,92027
CA,92392
CA,91941
WA,98383
CA,94934
CA,92109
CA,90401-2124
CO,92102
 , 
CA,92075
CA,91915
CA,91915
CA,92101
CA,92122
CA,92122
PA,19125
CO,80911
CA,92117
WA,98801
CA,92014
LA,70006
CA,92154
CA,92102
CA,92103
CA,92021
CA,92123
HI,96753
CA,92807
CA,92114
CA,92629
CA,92021
CA,92126
CA,92117
CA,92057
CA,95819
CA,92110
CA,92009
CA,92026
 , 
CA,92020
CA,92128
CO,92648
CA,92648
CO,92115
CA,92107
CA,95127
CA,90680
CA,92021
CA,92014
CA,91803
CA,92833
CA,92083
CA,92083
CA,91741
BC,V3M 6V9
CA,92508
CO,92103
CA,92120
CA,92108
PA,16066
CA,92122
CA,95409
AR,96367
OK,74017
CA,90059
CA,92028
CA,92656
CA,95618
 , 
CA,90745
 , 
CA,92056
CA,92104
CA,94582
MI,48450
ON,K4a 3k4
CA,94134
CA,92109
CA,92116
CA,91942
CA,92105
CA,93117
CA,92101
CA,92103
CA,92082
CA,91710
CA,92126
CA,94506
CA,92025
CO,92122
CA,91915
CA,91915
NJ,8012
CA,91945
CA,91945
CA,91945
CA,92840
CA,92081
CO,90034
CA,92083
CA,92083
CA,92037
AZ,85396
 , 
CA,92110
CA,92122
CA,92129
CA,92122
CA,92021
CA,92021
 , 
CA,92563
 , 
CA,92115
CA,92101
CA,92101
WA,98201
CA,92123
CA,92688
CO,94536
CA,91915
CA,91913
CO,92104
CA,91932
CA,92067
CA,92117
CA,91710
CA,91307
CA,92078
CA,92055
CA,90040
CA,92116
CA,92882
CA,92109
CA,92503
CA,92115
CA,92108
CA,92101
CA,91208
CA,93117
WA,98335
CA,92114
CA,92503
CA,92111
 , 
CA,92647
 , 
CA,92101
CA,90731
CA,92026
CA,91911
CA,92119
CA,90230
CA,91367
CA,92392
TX,78332
CA,92025
CA,92101
 , 
CA,92110
CA,94941
 , 
CA,93066
CA,93245
CA,92508
CA,91745
CA,92083
CA,92114
CA,95828
CA,91790
CA,92104
CA,92126
CA,91945
CO,91733
CA,91910
CA,91950
CA,92804
CA,92026
CA,92115
CA,91306
NY,11109
PA,15090
CA,92101
CA,90014
MI,49418
CA,90275
CA,92024
CA,92024
CA,92840
HI,96817
CA,92562
CO,92069
CA,95219
CA,90720
CA,92056
 , 
CA,92145
CA,94531
CA,92320
CA,92103
CA,92084
CA,91364
CA,92115
CA,94513
CA,92584
CA,92584
CA,92105
CA,92105
CA,92120
CA,92083
CA,92103
CA,91914
CA,92058
CA,92027
CA,91701
CO,94952
 , 
CA,92123
CA,91942
TX,77097
TX,77007
CA,92102
FL,32765
CA,92115
CA,92115
TX,75023
CA,91803
CA,92101
CA,92014
CA,92020
CA,90810
CA,92139
 , 
CA,91950
 , 
CA,92106
CA,92504
 , 
CA,92081
CA,92011
CA,92595
CO,92109
CA,92603
TX,78244
CA,92127
CO,92119
CA,90061
CA,92083
CA,92083
CA,91910
CA,92058
CO,92069
CO,92069
CA,92114
CA,92126
OH,45056
FL,32565
CA,92103
 , 
CO,92078
CA,92026
CO,92173
CA,90057
CA,92397
CA,91915
CA,91911
CA,92620
WI,45056
CA,92078
CA,92104
CA,92103
 , 
CA,92115
IA,52241
CA,95116
CA,92618
CA,92056
CA,92101
 , 
CA,92154
CA,92101
CA,92130
CA,91950
CA,92127
CA,92557
FL,33901
CA,92563
CA,92672
CA,92075
CA,92108
 , 
CA,92602
CA,95207
CA,91978
CA,90280
CA,91935
CA,91977
CA,95255
CA,92683
CA,94501
 , 
NV,89052
CO,92064
CA,91911
CA,91941
 , 
CO,92154
 , 
CA,92127
CA,95121
CA,92359
CA,92359
CA,91950
CA,92101
CA,92606
CA,92127
CA,91910
CA,92590
CA,91915
CA,92027
CA,92592
CA,92555
CA,91913
CA,92116
CA,92026
CA,92026
CA,94509
CA,92101
CA,94085
CA,90056
CA,90056
MI,49426
 , 
MI,48603
CA,92020
CA,92115
CA,92084
CA,92115
CA,92108
CA,92116
WA,98052
CA,91977
CA,92111
CA,91354
CA,91950
CA,92057
CA,92139
CA,93250
CA,92122
CA,94070
CA,90020
CA,94704
 , 
CA,92127
CA,92127
CA,94513
CA,92570
CA,92101
CA,92106
CA,91942
CA,92116
CA,91910
 , 
CA,92103
CA,92627
CA,92592
CA,91601
CA,92078
CO,91932
CA,92029
CA,92128
CA,52353
FL,33710
CA,92677
CA,95032
CA,92504
AZ,85225
CA,91606
CA,92122
CA,92040
CA,92119
CA,92115
CA,92653
CA,92116
CA,90017
 , 
CA,92024
AB,T3G4Y9
CA,92104
CA,92594
CA,92532
CA,92103
CA,91702
CA,91702
CA,92081
CA,91744
CA,95403
CA,92114
CA,92111
CA,92131
CA,92117
CA,92056-5778
CA,90713
CA,90713
CA,92124
CA,92679
 , 
CA,92078
CA,92113
CA,92127
CA,92128
CA,92129
CA,92707
 , 
CA,92109
CA,95008
CA,92101
CA,92021
CA,92548
CA,92108
 , 
CA,92040
 , 
CA,92101
CA,92021
CA,92057
CA,91910
CA,92154
CA,92618
CA,92595
CA,92122
CA,92115
CA,92115
CA,92115
CA,92104
CA,92108
OH,43228
CA,92026
CA,92376
CA,92344
CA,90031
CA,93105
CA,91730
CA,91911
CA,92107
CA,92154
CA,92025
CA,92025
CA,92025
CA,94513
 , 
 , 
CA,91911
CA,92126
CA,92122
CA,92122
CA,92129
CA,91960
CO,92109
CA,92109
CA,92111
CA,92126
CA,92101
CA,92122
CO,92092
CA,92407
CA,92092
CA,91950
 , 
CA,92115
CA,92346
CA,92346
CA,91910
CA,92078
CA,90063
CA,92122
CA,92122
CA,92069
CA,92805
IA,50310
CA,92081
CA,95008
CA,92253
CA,91913
CA,92324
CA,91915
CA,90745
CA,91945
CA,92251
CA,91977
 , 
 , 
 , 
CA,92020
CA,92122
CA,93013
CA,93013
CA,92122
CA,92122
CA,92122
CA,91910
CA,92109-3579
CA,92111
 , 
 , 
CA,92132
CA,91911
CA,91911
CA,92104
CA,91911
CA,92139
PA,18344
 , 
CA,92509
CA,92509
CA,92104
CA,92123
CA,92103
CA,91910
CA,92129
CA,92078
CA,92105
CA,92620
CA,92116
CA,92101
CA,92124
CA,91306
CA,92020
CA,92507
CA,92557
 , 
CA,92101
CA,92115
CA,91942-2721
CA,92115
CA,91950
CA,92101
CA,92177
CA,92562
CA,92562
CA,92154
CA,92027
CA,91702
CA,91702
CA,91950
CA,92313
CA,90503
CA,92114
WA,98103
CA,92107
CA,92126
CA,92503
CA,92119
CA,92117
CA,92570
CA,92805
CA,91910-3625
CA,92116
CA,92081
CA,92081
CA,92122
CA,92256
TX,77494
CO,92130
CA,92029
CA,91301
CA,92108
CA,92122
CA,92177
CA,91941
 , 
CA,92025
CA,90606
CA,92040
CA,90046
CA,92647
CA,92553
CA,92553
 , 
CA,92056
CA,91941
IL,60156
CA,92126
CA,91977
 , 
CA,92585
CA,92115
 , 
 , 
 , 
 , 
CA,92093
CA,92103
CA,92530
CA,93446
CA,92583
CA,91911
CA,92113
CA,92227
KY,40241
CA,92128
CA,92563
CA,91913
CA,92109
CA,91950
CA,92123
CA,92104
 , 
 , 
CA,92064
CA,92064
PA,18940
CA,92122
CA,92058
CA,92706
CA,92706
CA,92101
CA,91910
 , 
CA,92007
CA,90631
CA,92101
CA,92122
CA,92084
CA,92131
CA,92123
CA,92154
CA,92074
CA,92108
CA,91767
CA,91910
CA,92123
CA,92123
CA,92116
CA,91945
CA,92123
CA,91902
CA,92113
CA,91910
CA,91978
CA,91978
 , 
CA,91914
CA,92101
RI,2872
FL,34211
CA,90503
CA,91913
CO,92109
CA,92105
CA,92102
CA,94501
CA,92056
CA,92220
CA,92220
CA,92123
CA,92056
CA,92128
CA,92025
CA,92103
CA,92081
CA,92126
CA,92126
CA,92122
CA,91911
CO,92056
CA,92104
CA,92131
CO,92115
CA,92211
MD,20904
CA,91801
CA,92025
CA,92027
CA,92115
CA,92336
CA,92584
CA,90241
CO,91910
CA,91910
NY,10019
 , 
CA,91730
CA,92530
CA,95630
CA,92092
CA,90755
CA,90755
CA,91780
CA,92021
CO,92083
CA,92114
CA,91902
CA,91744
CA,90220
CA,91977
CA,92122
CA,94582
CO,92869
CA,92056
CA,92116
CA,90066
CA,93311
CA,92027
CA,92126
CA,91950
CA,92092
CA,92092
CA,91932
CA,92102
CA,92121
CA,92705
CA,93636
CA,92092
CA,91932
CA,92101
CA,94086
CA,13634
CA,92127
CA,92028
CA,92870
CA,92551
CA,92346
CA,92116
CA,92015
CA,92126
CA,92108
CA,92083
CA,92115
CA,92107
CA,92092
TX,78203
CA,92626
 , 
CO,92092
CO,92092
CA,92101
CA,92101
CA,92106
CA,91910
CA,91902
CA,91902
CA,92507
NC,27104
CA,92509
CA,92115
CO,92683
CA,92126
CA,92131
CA,92122
CA,92101
CA,92880
CA,92109
CA,92122
CA,92122
CA,90502
 , 
CA,92782
WA,98208
CA,91911
CA,91350
 , 
CO,92110
 , 
 , 
CA,93722
CA,92139
CA,92882
CA,92029
CA,93306
CA,91915
CA,93033
CA,92111
BC,V7a4e6
CA,92103
CA,90003
CA,91941-6891
WA,98694
CA,92115
CO,92126
CA,90701
CA,92109
CA,92679
CA,90810
CA,92037
 , 
CA,92083
CA,91789
CA,92108
CA,92122
CA,92563
CA,92122
 , 
CA,92108
CA,92129
CA,91915
CA,90731
CA,90019
CA,94520
 , 
CA,91910
 , 
CO,92555
CA,91941
CA,92027
CA,90040
CA,92056
CA,95148
CA,90601
CA,92108
CO,91320
CA,92083
CA,92018
CA,92154
CA,91752
CA,92078
CA,92595
CA,92584
CA,92115
CA,92115
CA,92104
CA,92126
CO,92557
AZ,85248
CA,90022
CA,92115
CA,92019
CA,92103
CA,92064
 , 
CA,92220
CA,92027
CA,92081
CA,92201
CA,92145
CA,92530
CA,92530
CA,92530
CO,92083
CA,92056
CA,92122
CA,92057
CA,92054
CA,91706
CA,91911
CA,91950
CA,90275
CA,92124-1218
 , 
CA,93063
CA,93063
CA,93063
CA,93063
CA,93063
CA,93063
CA,91977
CA,92020
CA,92126
CA,95003
CA,92264
OH,44023
CA,92064
CA,92064
CA,92121
CA,92082
CA,92108
CA,92551
CO,92129
 , 
CA,91331
CA,92119
CA,92101
CA,92011-4653
CA,91913
CA,92040
CA,92084
CA,92626
CA,92626
CA,91902
CA,91932
CA,92107
CA,92115
CA,92107
CA,92571
CA,91978
 , 
 , 
CA,92570
CA,92114
CA,92571
CA,92122
 , 
CA,92037
CA,92026
CA,90046
CA,92058
CA,94704
CA,92040
CA,92057
TN,37160
CA,92122
CA,92801
CA,92832
CA,91977
CA,92128
CA,92104
CO,91752
CA,92019-2612
CA,92113
CA,92027
 , 
CA,92082
CA,93307
CA,92870
MA,2494
CA,90650
CA,92055
CA,92110
CA,92804
CA,92110
CA,92801
CA,92335
CA,92335
 , 
CA,95132
CA,94065
CA,92108
CA,92019
CA,92019
CA,91910
CA,91913
CA,92009
CO,92101
CA,91768
CA,91768
CA,92553
CA,91913
 , 
 , 
CA,91913
CA,92173
CA,92672
CA,92596
CA,92596
CA,91911
CA,92104
CA,91945
CA,92675
 , 
CA,92103
CA,92617
CO,92617
CA,92154
CA,92833
CA,91932
CA,92008
 , 
CA,92105
CA,91722
CA,91910
CA,92026
CA,91950
CA,91786
CA,92071
CA,92040
CA,92111
CA,92109
CA,92122
CA,91950
 , 
CA,92110
CA,92117
CA,91902
CA,92647
CA,91732
CA,92139
CA,92075
 , 
CA,92675
 , 
CA,92113
CA,92128
CA,92113
CA,92113
CA,92113
CA,91702
CA,92584
CA,90220
CA,92117
CA,92078
CA,92646
 , 
CA,92071
CA,90804
CA,92881
CA,92121
CA,92617
CA,92021
 , 
CA,92324
CA,91390
CA,94509-4336
CA,92109
CA,92109
CA,92122
CA,92104
CA,95351
CA,92109
CA,92706
CA,91950
CA,92113
CA,91932
CA,91932
CA,91932
 , 
 , 
CA,92101
CA,92562
CA,92108
CA,92109
CA,92056
CA,92507
CA,95765
CA,92253
CA,92595
CA,90024
CA,90025
CA,92505
CA,92691
MT,59715
CA,92563
CA,92109
WA,98332
CA,95020
CA,92003
CA,92108
CO,92116
CA,91911
CA,91913
CA,91977
CA,91977
 , 
CA,92882
CA,92703
CA,91942
CA,92324
CA,91030
CA,92020
CA,90274
CA,92128
CA,91107
 , 
CO,92688
CA,92109
CA,90040
CA,92115
CA,92011
CA,92105
 , 
AZ,85338
CO,92563
CA,92026
CA,92129
CA,91911
CA,92154
CA,92129
CA,92201
CA,92114
CA,92122
CA,92122
CA,92028
CA,92139
CA,92688
VA,20164
CO,92008
CO,92109
CA,92064
CA,92373
CA,91950
CA,91950
CA,91914
CA,92009
CA,91752
CA,92009
CA,92114
CO,91706
CA,92117
CA,92115
CA,91977
CA,92121
CA,92057
CA,92530
 ,7918
CA,92840
CA,92840
CA,92840
CO,92123
IL,62629
IL,62629
IL,62629
CA,92102
 , 
CA,92602
CA,92602
CA,92708
CA,92120
CA,95051-3632
CA,92009
CA,92128
CA,92116
CA,92101
CA,92115
CA,92109
CA,92101
CA,92040
CA,92115
 , 
CA,92020
CA,92104
FL,92008
FL,33313
 , 
CA,92111
CA,92131
NY,11746
NY,11746
CA,92078
CA,92078
CA,92055
CA,92037
CA,92115
CA,91945
CA,92057
CA,92507
CA,92011
CA,92101
CA,92126
CA,92591
 , 
CA,92104
CA,90301
 , 
CA,92127
TX,78133
CA,92596
CA,92688
CA,92116
 , 
CA,92324
ID,83709
CA,92127
 , 
CA,90731
CA,92084
CA,92027
CA,92126
CA,91343
CA,92139
CA,92027
CA,92154
CA,92126
CA,92126
CA,92672
CA,90713
CA,92111
 , 
 , 
 , 
CA,92117
 , 
CO,91950
NV,89103
CA,92196
CA,92545
CO,92123
CA,92019
CA,91902
CA,92106
CA,92115
CA,92114
 , 
CA,92831
CA,92831
CA,92101
CA,92708
 , 
CA,95120
CA,92563
CA,92021
CA,92011
CA,92011
AZ,85740
CA,93036
CA,90650
CA,92131
 , 
CA,92508
CA,92101
CA,91352
CA,92083
CA,92024
CA,92040
 , 
LA,70115
CA,90808
CA,92115
CA,95348
 , 
CA,93033
CA,92591
CA,92115
CO,92124
CA,91977
CA,94555
CA,92065-4002
CA,92009
CA,92104
CA,92706
NY,10016
CA,92037
CA,92104
CA,92108
CA,91977
CA,92110
CA,92110
CA,95650
CA,92025
 , 
CA,92027
CA,95008
CA,92126
CA,92069
CA,92844
CA,90504
CA,93103
CA,92115
CA,92108
CA,92108
CA,92064
CA,92027
CA,92054
CA,92027
CA,92027
CA,92101
 , 
CA,91790
CA,92028
CA,92131
CA,91942
CA,92126
CA,92020
MD,21756
CA,94578
 , 
CA,92009
 , 
CA,92234
CA,92117
CA,92058
CA,91914
 , 
CA,92832
CA,92084
CA,92108
 , 
CA,92376
CA,92106-1834
CO,92101
 , 
CA,90260
CA,92563
CA,92019
 , 
CA,92122
CA,90066
CA,92082
 , 
OH,44314
CA,93552
 , 
CA,92543
IL,60409
CA,92503
NJ,8620
CA,92124
 , 
CA,92122
 , 
CA,92027
 , 
CA,92507
CA,92508
 , 
CA,91401
CA,92126
 , 
MA,2364
CA,92026
CA,94805
 , 
 , 
CA,92037
CA,92506
CA,92101
 , 
CA,92111
CA,92021
CA,90278
MA,1370
CA,92102
CA,90023
CA,92882
CA,92882
 , 
 , 
TX,76306
CA,92124
CA,92108
CA,92504
CA,91205
CA,92126
CA,92071
CA,92604
CA,92604
CA,92604
CA,92604-2941
NY,12302
CA,92103
 , 
PA,16066
CA,91910
CA,92832
CA,92028
 , 
CA,92123
CA,92122
 , 
 , 
CA,92101
CA,92705
 , 
WI,98109
CA,94538
CA,91950
CA,91901
CA,92595
 , 
CA,92111
CA,92009
CA,92107
CA,92069
CA,92660
 , 
CA,91941
IL,61114
CA,92395
CA,92503
CA,92503
CO,90220
CA,91910
CA,92585
NJ,7010
CA,92065
CA,91911
CA,92260
CA,91910
CA,92154
CA,92336
 , 
CA,92092
CA,92107
CA,92078
CA,92027
CA,92118
CA,92040
CA,92860
CA,91910
CA,92020
CA,91942
 , 
CA,92111
CA,92083
CA,92028
 , 
 , 
NC,27295
CA,92957
CA,92592
CA,92154
CA,91911
CA,92124
 , 
CA,92109
CA,92101
 , 
CA,92065
CA,92065
 , 
 , 
CA,92101
CA,92114
CA,92114
CA,92071
CA,92108
CA,92101
NY,11789
CA,92103
CA,92553
CA,92840
CA,92115
CA,92110
CA,92115
CA,92706
CO,92105
CA,92008
CA,92592
CA,92114
CA,95661
 , 
 , 
CA,92101
CO,92114
CA,92124
CO,80012
CA,92021
CA,92115
 , 
CA,92145
 , 
CA,92505
CA,92346
 , 
IL,60608
CA,92883
CA,92061
CA,92376
 , 
CA,92027
CA,92027
WA,98109
CA,92105
 , 
CA,91941
 , 
TX,75087
CA,91950
CA,92083
CA,93455
VA,23451
CA,91950
 , 
CA,92058
CA,92101
CA,92122
IL,60643
CA,91730
CA,90808
 , 
 , 
CA,92376
 , 
CA,92139
CA,91311
CA,92101
CA,92656
CA,91977
CA,91977
CA,91977
CA,91913
CA,92115
CA,92555
TN,37211
CA,92071
CA,92114
CA,93292
CA,94550
 , 
CA,92570
CA,91910
CA,92101
CA,92027
 , 
CA,91915
CA,92503
CA,92346
CA,92108
CA,90019
CA,92139
 , 
 , 
CO,92037
CA,92606
 , 
CA,91766
CA,92673
CA,91326
 , 
CA,92117
CA,92117
CA,92117
CA,91915
CA,90042
CA,92628
CA,92101
CA,92114
 , 
CA,91942
CA,90504
CA,91709
 , 
CA,91913
AZ,85282
 , 
 , 
CA,92064
CA,90032
CA,92126
CA,92101
CA,90303
CA,91913
 , 
 , 
 , 
CA,92029
CA,92653
CA,91737
CA,91746
CA,92129
 , 
CA,92111
CA,92592
 , 
 , 
CA,92114
AZ,86004
CA,92124
CA,90303
CA,90303
CA,92243
CA,92606
CA,92603
CA,90220
 , 
CA,90640
CA,93552
CA,90047
 , 
CA,92544
CA,94534
CA,90221
 , 
CA,91950
CA,91950
 , 
CA,92111
CO,92126
CA,92103
CA,92103
 , 
WY,82932
CA,92024
 , 
CA,92123
CA,92123
CA,92078
CA,92055
CA,92064
 , 
CA,92102
CA,91977
CA,90813
CA,92104
CA,92057
CA,92057
CA,92028
 , 
CA,92122
CA,92345
CA,92131
CA,92121
 , 
CA,92109
CO,92114
CA,92037
CA,92173
CA,92173
CA,92203
CA,92102
WA,98948
CA,92020
CA,92553
CA,92073
ID,83709
CA,92127
CA,92037
CA,91911
CA,92806
CA,92027
CA,92110
CA,92119
 , 
CA,91950
CA,92612
CA,92154
 , 
CA,92020
CA,92111
CA,94582
CA,92127
MT,59715
CA,92078
CT,91910
CA,91763
CA,93551
CA,92122
CA,92103
CA,92120
CA,92021
KY,41015
CA,92555
CA,92501
NJ,8221
CA,92116-4248
 , 
CA,92084
CA,92084
CA,92587
CA,92056
CA,95120
CA,92154
CA,92058
MI,48150
CA,92024
CA,92024
 , 
CA,92103
CA,91910
 , 
CA,92592
CA,93063
 , 
CA,92691
CA,92028
CA,92337
CA,92113
CA,92584
CA,92021
CA,92058
CA,92058
CA,92114
CO,92102
CA,92595
CA,92064
TX,77706
CA,92082
 , 
CA,92027
CA,92102
CA,92105
CA,90650
CA,92130
CA,91913
CA,92071
CA,92585-3706
CA,92120
CA,91978
 , 
CA,92530
CA,92037
WA,98604
AZ,85367
CO,92111
CA,92392
CA,92101
CO,92084-7464
CA,92114
CA,92630
CA,92021
CA,92780
CA,92083
CA,92025
CA,92114
CA,92101
CA,90723
CA,92128
CA,92058
CA,93221
CA,92027
CA,92084
CA,92069
CA,92592
CA,91941
CA,92057
CA,92021
CA,92108
CA,92064
CA,92037
 , 
CA,91702
CA,91915
CA,92115
CA,92592
CA,92101
CA,92571
CO,91941
FL,34787
FL,34787
CA,92081
CA,94521
 , 
CA,93292
CA,93436
CA,92111
CA,92111
CA,90044
CA,92082
CA,92117
 , 
CA,92109
 , 
CA,92111
CA,92058
NE,68784
 , 
CA,90201
CA,90201
CA,92128
ME,4609
CA,92274
IL,60585
CA,92128
 , 
CA,92507
CA,92507
CA,92065
CA,92117
CA,91935
CA,92646
CA,92083
CA,92071
CA,92154
SC,29712
CA,92020
CA,92111
WA,98383
CA,92101
CA,92130
CA,92807
CA,92009
CA,92571
 , 
 , 
CA,92553
CA,92230
CA,92154
CA,92122
CA,92111
CA,92020
 , 
CA,92083
NV,89148
CO,92620
CO,92620
CA,85369
CA,85369
CA,95829
CA,92571
CA,92571
CA,92071
CA,93108
CA,92027
CO,92103
CO,92105
CA,92591
CA,92114
CA,92028
CA,92102
CA,91932
CA,92084
GA,30004
CA,92126
CO,92102
CA,92123
CA,92530
 , 
 , 
CA,92115
VA,23320
CA,92116
CA,92582
CA,94805
CA,92106
CA,91910
TX,76017
TX,76017
CA,93277
CO,92057
WA,98312
CA,91915
CA,92571
CA,92126
CA,92126
CA,92126
CA,92021
FL,33610
 , 
WA,98312
CA,92037
CA,92021
MD,20619
CA,92570
CA,92020
CA,91945
CA,91950
CA,92128
CA,92084
 , 
CA,92124
CA,92064
CA,92708
CO,92129
CO,92026
CA,90017
TX,77515
CA,92544
AZ,85541
CA,92082
CA,91942
CA,92647
NJ,7731
AZ,85043
CO,92131
CA,92123
 , 
IN,47421
IL,60110
CA,91786
PA,16066
 , 
CA,92009
CA,92064
CA,92881
CA,92592
FL,33605
FL,32570
 , 
CA,91913
 , 
CA,92056
CO,92037
CO,80134
CT,80134
CA,92882
CA,92596
CA,92115
CA,95132
NH,3858
CA,93103
CA,92122
CA,92543
CA,92562
CA,92123
ID,83617
IL,61114
CA,92081
CA,92083
CA,92058
AZ,85353
CA,91910
CA,91402
CA,92103
NY,89166
CA,92021
CA,92021
CA,92154
CA,92127
CA,92021
CO,92618
UT,75165
CA,92591
CA,92104
CA,92585
CO,92010
 , 
CA,92591
CA,92057
CA,92407
CA,92102
CA,92064
WA,98604
CA,92116
CA,92704
CA,92704
CA,92114
CO,92129
CA,92036
CA,91910
CA,92078
CA,92027
AZ,85041
CA,92108
CA,92504
CA,92118
 , 
CA,92069
IL,60417
NY,10541
CA,91977
CA,92136
CA,92570
CA,92136
CA,92058
CA,92120
CA,92501
CA,92009
CA,91945
CA,92614
CA,92028
CA,92104
TX,78332
CA,92109
 , 
CA,92026
CA,92231
CA,92110
 , 
MD,20784
 , 
CA,92881
CA,92881
CA,92116
CA,91978
CA,91977
CA,92122
CA,92840
CA,93720
CA,91932
HI,96797
CA,92124
FL,33033
CA,92078
CA,92057
CA,92337
CA,92840
CA,92131
CA,92563
CA,92136
 , 
CA,91978
CA,92831
CA,91911
CA,92071
CA,92021
CA,92037
CA,92124
CA,92055
CA,92114
CA,92057
CA,92101
CA,92083
IL,61721
CA,91701
CA,92027
CA,92109
TX,75087
CA,90280
CA,92029
CA,92029
VA,23451
CO,91950
CA,92084
 , 
CA,92104
OH,45236
CA,92122
CA,92101
CA,92780
CA,94941
CA,92129
TX,76131
TX,76131
CA,91911
CA,92101
CA,92320
CA,91343
CA,92324
CA,92071
CA,95358
CA,92562
CA,92120
CA,92111
CA,91911
CA,91911
CA,92656
CA,93276
CA,92107
CA,91910
CA,92104
CA,92119
CA,92592
CA,92027
CA,92131
TX,79110
CA,91950
CA,92123
CA,92691
CA,92027
CA,92104
CA,92081
CA,91902
CA,91977
CA,92346
CO,91950
CA,92584
CA,92397
CA,94582
IL,60585
CA,92026
CA,92104
CA,92115
SC,29708
CA,92117
CA,92694
TX,78133
NM,87557
AZ,85233
CA,92056
CA,92064
CA,92078
CA,91942
CA,92841
MT,59102
CA,91945
CA,93117
CA,91911
CA,92113
OK,44471
CA,92028
CA,92120
CA,92064
CO,94539
CO,80013
CA,92703
CA,92084
CA,92081
CA,92058
 , 
CA,95240
CA,92123-4617
CA,92058
WA,98604
CA,92530
 , 
 , 
CA,91977
CA,92127
CA,92592
CA,92058
CA,92105
CA,92101
CA,92101
 , 
AZ,85224
CA,92056
CA,92392
CA,91913
CA,92082
WA,98375
WI,98375
CA,92113
CA,92078
CA,92109
MA,2453
CO,92122
CA,90247
CA,91914
CA,91977
CA,91911
NY,11024
CA,92078
CA,92880
CA,92020
CA,90504
CA,95212
CA,92124
CA,95624
CA,92335
CA,92071
CA,92064
CA,92104
CA,92122
OR,97303
CA,92127
CA,92127-1245
 , 
CA,92139
 , 
CA,92107
CA,90245
 , 
AZ,85017
CA,92126
CA,92126
CA,91910
CA,91316
 , 
NJ,3087
CA,92101
CA,92120
ME,3901
CA,92139
WA,98028
MA,2148
CA,92870
CA,92113
CA,92104
CA,92078-5233
CA,94709
CO,92667
CA,91911
 , 
 ,92130
CA,92102
 , 
CA,92056
CA,92037
CA,92374
 , 
CA,90630
CA,92108
NH,3087
 , 
CA,91914
CA,92108
CA,92115
CA,91748
CA,95758
CA,92037
CA,94109
CA,90680
 , 
CA,94707
CA,92108
CA,92124
CO,91765
 , 
CA,91913
CA,92780
CA,91978
CA,92101
CA,92021
CA,92021
 , 
CA,91915
CA,92105
CA,91702
CA,91915
CA,95687
CA,92115
CO,91945
CA,92105
CA,92806
CA,91007
CO,92122
CA,92114
CA,91914
CA,91702
CA,92057
CA,90720
CA,90720
WA,98801
CA,90630-2224
CA,92126
 , 
WA,98053
CA,92111
CA,92126
CO,92027
CO,92020
CA,92024
 , 
CA,92109
CA,85369
AZ,85369
UT,84084
 , 
CO,92501
 , 
 , 
CA,92019
CA,92122-2225
CA,92122-2225
CA,92122-2225
CA,93111
NC,28210
CA,92821
CA,92585
CA,92585
CA,91792
CA,92109
CA,92602
CA,92101
CA,91733
CA,92799
CA,92704
CA,94134
CA,92122
CA,92122
OR,97701
CA,92105
CA,91942
CA,92064
CA,92841
CA,92109
CA,92109
CA,92821
CO,80603
CA,92122
CA,92122
 , 
CA,92123
 , 
CA,92081
AZ,85032
CA,92069
CA,91914
CA,92708
CA,92104
CA,90814
CA,91977
CA,91915
CA,95014
CO,92592
CO,92841
CO,92614
CA,80233
CA,92612
CA,92113
CA,92117
CA,92123
CA,91910
CA,92025
CA,92025
CA,94112
CA,94134
CA,94546
CA,92037
CA,91790
 , 
CA,92069
MA,1702
CA,92109
CA,92116
CA,92648
CA,90640
CA,92130
CA,92105
CA,92553
CA,92114
CA,92122
CA,91977
CA,92103
CA,92027
CA,91950
CA,92083
CA,92173
CA,90042
TX,77845
CA,91913
IL,60803
 , 
CA,92105-3212
 , 
CA,91913
CA,91913
CA,92037
CA,92154
CA,92869
CA,91945
CA,91342
CA,92108-3166
CA,92840
CA,92129
CA,92027
CA,90680
CA,92683
CA,92131
CA,92057
CA,92102
CA,91977
CO,92116
CA,91913
CA,94602
CA,92110
CA,92122
CA,92037
CA,92037
UT,78602
CA,91950
CA,90650
 , 
CA,92657
CA,92105
CA,95661
CA,92120
CA,92126
PA,18062
CA,92126
 , 
CA,92129
CA,92114
CA,92114
CA,92114
CA,92154
CA,93013
CA,95136
CA,91942
CA,92109
CA,92530
WY,82801
CA,92081
CA,92081
WA,98052
 , 
CA,95624
 , 
CA,91790
CA,92084
CA,92111
CA,92507
 , 
CA,92104
UT,84020
CA,92078
CA,92029
CA,95111
CO,80126
UT,84124
CA,92627
CO,92120
CO,92120
 , 
 , 
CA,91910
CA,95035
PA,19072
VT,5363
CA,92037
WI,98109
CA,92694
CA,91709
CA,92019
CA,92117
CA,94588
CA,92105
CA,92111
CA,91911
CO,91901
 , 
 , 
CA,91790
 , 
CA,94539
CA,94545
CA,92083
AZ,86004
AZ,86004
CA,92679
CA,92804
CA,95127
CA,92111
CA,92120
CA,91755
CA,92116
CO,92109
HI,96797
IL,60657
CO,92126
CA,92626
CO,95124
CO,92129
CA,90007
CA,92009
CA,92870
CA,92122
CO,92103
CA,92136
CA,92704
CA,91913
CA,92078
CO,91770
CA,92123
CA,95757
CA,92336
CA,91748
CA,93454
CO,92101
CA,92078
CA,92887
CO,92037
CA,92069
CA,92129
CA,95757
CA,92592
CA,92101
CA,90813
CA,92123
CA,92122
CA,94539
 , 
CA,94541
CA,78109
CA,92584
 , 
 , 
CA,91344
CA,92612
CA,92612
CA,92612
CA,92612
CA,91950
CA,91706
CA,92102
CA,91764-2622
CO,91950
CA,91950
ME,3901
ME,3901
 , 
CA,90280
CA,92109
 , 
 , 
CA,92173
CA,95120
CA,92116
 , 
 , 
CA,28303
CA,92141
CA,92104
 , 
CA,91331
 , 
OH,43228
CA,92028
 , 
CA,93105
CA,92037
CA,91746
IN,46205
CA,92092
 , 
CA,92115
CA,92093
OH,44614
CA,92064
CA,92122
 , 
CA,95991
CA,91765
CA,93901
 , 
 , 
CA,91911
 , 
CO,92123
 , 
CO,92101
CA,91766
CA,92509
TX,76550
PA,19063
CA,92107
CA,94521
CA,92037
 , 
CA,92110
GA,30034
 , 
MN,55408
CA,92120
 , 
CA,90262
CA,91911
 , 
 , 
 , 
 , 
 , 
CA,95382
AZ,85295
CA,92024
CA,91301
CA,92111
CA,92054
 , 
CA,92117
CA,92260
CA,93307
CA,92122
CA,92123
CO,92107
CA,95608
CA,92115
CA,92054
CA,93455
 , 
CA,92019
CA,92316
CA,92101
 , 
CA,92101
CA,92629
CA,95838
CA,92703
CA,92116
CA,91902
CA,92101
CA,92395
CA,92113
CA,91950
CA,91950
CA,92126
CA,90039
 , 
 , 
CA,91915
CA,91915
CA,91911
 , 
CA,92078
CA,92120
CA,92223
 , 
CA,92071
CA,92139
CA,92821
MA,92103
CA,92882
CA,92129
CA,92129
VA,23693
 ,PA5 8US
CA,92346
CA,92115
 , 
 , 
CA,92102
CA,92126
CA,92101
CA,92083
CA,92115
CA,92117
CA,90290
 , 
CA,92021
CA,92620
CA,92399
CA,90670
CA,92192
 , 
NY,14580
CA,92111
CA,92092
 , 
AZ,85020
CA,92102
CA,92101
 ,LE5 1AX
CA,92821
CA,92092
CA,92093
CA,92104
CO,91910
CA,92123
CA,92123
CA,95132
IL,60030
CA,92220
 , 
CA,91766
CA,91766
CA,92107
CA,92092
CA,94538
CA,92092
CA,92127
CA,92092
CA,91913
CA,91913
CA,92126
CA,92092
CA,94127
 , 
CO,92126
CA,94303
CA,90745
CA,91910
CA,92553
CA,92154
CA,92220
CA,91911
CA,90032
CO,92780-2827
OR,97520
CA,92126
CA,92122
CA,90745
NH,3784
NC,27407
 , 
 , 
CA,90280
CA,92020
AR,90670
CA,92114
CA,92131
TX,78628
CA,92109
CA,91913
 , 
CA,92105
 , 
CA,95127
CA,91746
CA,92084
CA,92117
CA,92037
CA,90723
CA,95020
MN,55811
CA,91910
NC,27612
CA,92126
CA,93637
CA,90065
CA,91766
CA,92109
 , 
CA,92122
CA,94596
CA,92115
CA,92128
GA,30228
 , 
CA,92123
CA,91761
CA,91902
 , 
CA,90806
CA,92154
 , 
CA,91767
 , 
CA,92026
 , 
CA,91710
CA,92117
CA,92092
 , 
IL,60164
CA,91350
CA,90240
CA,92008
CA,91773
CA,92109
CA,93307
CA,91030
CA,91761
AR,72701
CA,91950
CA,92120
CA,92123
CA,94108
WI,54552
CA,92145
OR,97702
CA,92009
CA,91766
 , 
CA,91730
CA,92123
 , 
CO,94952
CO,94952
CA,90003
CA,95334
CA,92113
CA,92115
CA,92115
FL,33612
CO,91504
CA,92104
CA,90501
CA,90250
 , 
CA,91766
CA,92027
 , 
CA,92024
CA,85027
 , 
CA,92154
CA,93307
CA,91902
 , 
CA,92805
CA,92603
CA,92025
CA,92154
FL,32223
CA,94501
CA,91910
 ,ML6 9RL
 , 
CA,91915
 ,91915
CA,92620
CA,92220
CA,94517
 , 
CA,92078
CA,91910
CO,92064
TX,75068
CA,91945
CA,90032
CA,92102
CA,92126
VA,22033
CA,92055
CA,92122
 , 
 , 
CA,92101
CA,92092
CA,93446
NV,89121
CA,92677
CA,91737
CA,92101
CO,92027
CA,92101
CA,92009
CA,92009
 , 
 , 
CA,92107
CA,92121
CA,92027
CA,91942
OR,97035
CA,92105
CA,91761
 , 
CA,92078
NV,89144
CA,92130
CA,92590
CO,94553
CA,90813
CA,95833
IL,60622
CA,90638
 , 
 , 
CA,92346
CA,92570
CA,91911
CA,92069
CA,93291
CA,91709
CO,90012
CO,91950
 , 
CA,94501
CA,94501
 , 
CA,92620
CA,92870
CA,90250
OH,43119
CA,94561
CO,92123
 , 
CA,92103
CA,92626
CA,94306
CA,92399
MA,2478
 , 
CA,85737
 , 
CA,91913
CA,91103
CA,90401
 , 
CA,92037-2212
CA,92126
CA,92021-5540
CA,92691
CA,92136
NJ,7063
CA,92835
CA,92116
OH,14228
CA,92109
NY,12118
CO,92107
MN,55841
CA,92284
CA,92117
 , 
CA,92115
CA,90222
CA,92119
CA,90026
ME,20878
CA,91915
CA,92109
CA,92804
CA,91977
CA,94541
CA,90025
CA,92105
CA,90630
NY,11756
CA,91913
VT,5828
CA,92009
CA,92672
CA,92115
CA,91914
 , 
CA,92027
CA,92027
CO,80603
CA,91910
CA,95212
GA,30125
HI,30125
CA,92064
CA,92154
CA,92139
CA,92101
CA,92028
CA,92129
NV,89451
CA,92105
CA,92139
FL,34231
CA,91913
CA,93292
CA,92119
CA,91747
CO,95112
SC,29578
CA,92122
CA,91910
CA,91911
CA,92139
CA,91902
CA,92104
CA,92109
CA,91950
CA,91910
NY,10465
MO,64053
CA,94122
CA,92692
CA,91935
CA,91950
MI,49307
CA,92101
CA,92082
CA,92109
 , 
CA,90304
CA,92154
 , 
NY,11706
NY,11706
CA,92563
FL,34231
CA,95209
CA,92129
CA,94502
CA,91722
CA,92507
WA,98620
VA,20110
CA,92117
CA,92108
CA,92101
CA,90703
CA,92126
CA,92058
TX,78216
CA,92126
CA,92122
CA,92028
CA,92109
CA,92102
CA,92374
CA,92703
CA,92120
CA,94030
CA,92122
 , 
CA,91977
CA,92123
CA,92122
CA,92108
CO,90005
CA,90005
CA,92109
CA,91902
CA,92116
 , 
CA,94552
CA,95128
IL,60174
IL,60174
CA,91915
CA,92065
CA,92124
CA,93030
TX,77459
CA,92880
CA,91405
WA,98312
CO,80603
CA,92313
CA,92313
NY,11968
OK,92139
CA,92555
CA,92555
CA,92078
CA,92672
CA,94513
CA,91770
CA,91770
CA,91770
CA,92159
CA,92617
CA,92126
CA,92835
CA,92129
CA,92057
ID,83201
 , 
PA,18966
CA,91913
CA,92708
CA,92071
CA,92109
GA,30078
CA,92154
CA,92154
CA,92115
CA,92109
CA,92683
GA,30093
TX,76106
CA,92078
CA,92078
CA,92078
CA,92127
CA,92630
CA,92543
CA,92543
CA,92563
CA,92101
CA,91205
CA,91205
CA,92346
CA,92120
CA,92139
 , 
CA,92139
CA,92173
CA,92109
CA,92064
CA,92354
CA,92130
NV,89178
CA,92114
 , 
CA,92122
CA,91791
CA,92037
CA,92336
CA,92114
 , 
CA,92078
CA,92109
CA,91913
CA,94538
CA,94560
NJ,8527
NJ,8527
 , 
CA,92126
CA,95131
 , 
NC,28173
CA,95138
CA,94503
CA,92105
CO,91732
OH,43560
CA,92126
CA,94134
CA,94306
ME,4074
HI,96825
CA,92354
CA,92108
CA,92019
WI,53011
 , 
 , 
CA,90221
CA,90012
CA,92111
CA,92563
CA,92109
CA,91362
CA,92009
CA,92562
CA,94546
CA,92037
 , 
CA,92105
CA,92620
CA,92115
IN,46203
CA,92121
CA,92123
CA,92021
CA,92037
CA,92071
CA,92108
NY,12946
CA,92021
MO,64128
ID,83709
CA,92154
 , 
CA,90630
ME,3901
CA,92078
CT,91910
 , 
 , 
 , 
CA,92101
CA,91911
VA,20155
CO,92630
CO,92027
SC,29169
SC,29169
CA,92126
CA,95758
CA,91950
CA,92407
CA,91748
CA,91007
CA,90630
CA,92404
 , 
WA,98359
CA,92027
CA,91913
CA,91950
CA,92069
CA,94061
WA,98271
CA,91910
CA,92139
CA,93292
CA,92122
CO,90039
CA,91950
CA,92880
CA,92104
CA,92506
CA,92562
CA,91107
CA,92114
CA,93536
CA,91950
NY,10465
CA,91745
CA,92116
CA,91977
OH,44270
CO,92109
 , 
 , 
CA,92127
CA,92677
 , 
CO,91913
 , 
 , 
CA,92882
 , 
 , 
CA,92346
CA,92583
CA,92123
CA,94588
 , 
 , 
 , 
 , 
 , 
AB,T6E 6B6
CA,92117
CA,91763
CA,92071
CO,91776
CA,92610
CA,91941
CA,90605
NV,89052
CA,91942
CA,94544
CA,95035
CA,95035
CA,92869-2739
CA,92126
CA,94030
CA,94555
CA,92021
CA,92122
 , 
CA,94580
CA,90505
 , 
CA,92123
CA,92126
NM,87020
CA,92108
CA,92020
WA,98312
CA,91913
CA,92240
CA,92116
CA,95404
 , 
KY,42071
CA,92113
CA,92831
CA,93535
HI,96822
CA,95616
CA,91744
WA,98528
CA,90805
SC,29169
SC,29169
CA,91745
CA,91748
CO,92117
IN,46514
IN,46514
 , 
CA,93036
CA,92708
MI,48642-8320
MI,48642-8320
CA,91911
CA,92057
CA,92335
CA,92101
CA,92584
OR,97405
CA,92683
CA,92683
CA,92057
CA,92201
RI,2840
CA,92139
CA,92122
CA,92612
CA,90280
CA,90810
CA,92126
CA,92130
CA,92592
CA,91303
CO,92065-4347
CA,92346
TX,76107
IN,96582
CA,91910
 , 
CA,93536
CA,90805
CA,90813
CA,92126
 , 
CA,92079
CA,92021
CA,92111
 , 
CO,92103-6428
IN,47371
CA,92122
CA,92869
CA,94579
CA,95118
 , 
CA,91770
NY,12020
NY,12020
TX,77098
CA,92109
 , 
OH,44270
CA,92116
CA,94568
CA,92101
WA,98312
CA,92069
 , 
 , 
CA,92311
CO,90680
WA,98375
CA,91342
CA,92606
CA,92115
CA,92101
CA,95035
CA,91750
 , 
CA,92123
CA,92122
CA,91801
CA,91950
CA,90240
CA,92108
CO,81611
CA,92122
CO,91978
FL,32209
FL,32209
FL,32209
CO,92101
 , 
 , 
CA,92092
CA,92231
CA,92103
CA,92123
CA,94061
CA,91911
CA,91911
CA,92101
 , 
CA,92154
CA,90044
CA,92126
CA,92025
CA,92025
CA,92084
AZ,85281
AZ,85281
 , 
CA,92672
CA,92596
CA,92008
FL,32569
LA,70403
CA,92508
CA,92127
CA,92081
MN,55414
CA,92595
CA,92570
CA,92109
CA,92109
CA,92024
CA,92078
WA,98030
CA,92117
ON,N5X 4J3
 , 
 , 
CA,92109
 ,Cm11pb
 ,CM11PB
CA,92562
CA,92037
CA,92056
CA,92110
PA,17522
CO,91304
CA,90401
CA,90401
CA,95337
CA,92101
 , 
 , 
CA,94526
CA,92084
CA,92584
CA,92109
CA,92804-4318
CA,92064
CA,92028
CA,91915
CA,92345
CA,90301
UT,78701
CA,92563
 , 
CA,91910
CA,91910
CA,92116
WA,98105
CA,92037
CA,92037
CA,92672
CA,82805
CA,92028
CA,92108
CA,90003
CA,90003
 , 
CA,92019
 , 
CA,92108
CA,92054
TX,75901
CA,95111
CA,92109
TX,78613
CA,92109
CA,92120
CA,95023
WA,98031
 ,IV27JU
CA,92101
CA,91755
CA,92108
CA,92104
CA,90277
CA,92126
CA,92111
CA,92883
CA,92530
CA,91901
CA,93110
CA,92109
CA,90011
CA,91950
CA,92196
CA,92109
 , 
CA,92024
CO,92109
CA,91941
CA,92109
NJ,7701
NJ,7974
CO,90303
CA,92886
CA,92114
CA,92346
 , 
CT,6472
CA,95125
CA,90277
CA,92109
CA,92084
CA,92663
AL,35754
MD,21201
CA,92008
 , 
ID,83705
ID,83705
 , 
 , 
CA,91765
CA,91915
PA,19106
CA,92672
CA,92067
CA,91604
MB,R3P1E6
WA,99202
 , 
CO,94118
CA,92109
CA,92122
CO,92107
CA,93422
CA,92584
NY,10959
CA,94501
CA,92109
CA,92672
CA,92109
 , 
CA,92101
CA,92111
CA,91724
CA,93422
CA,92126
CA,92101
CA,95008
CA,92117
CA,92530
CA,95125
CA,95066
 ,RG12 7HF
CA,92123
CA,92109
CO,98121
CO,92109
IN,46563-3103
CA,92104
CA,92037
CA,92109
CA,92101
CA,92107
CA,92024
CA,91307
CA,92122
CA,91910
CA,91910
CA,92103
 , 
CA,91748
CO,92101
CA,92103
CA,90403
CA,92103
CA,92116
CA,95404
 , 
CA,92108
 , 
CA,92627
CA,92109
FL,33040
CA,92084
CA,91020
CA,95050
CA,92557
CO,90803
MN,55105
CA,92122
 , 
CA,92008
CO,92129
CA,92129
TX,76502
CA,92103
CA,92780
 , 
CA,92584
CA,92109
CA,93933
CA,92101
CA,93101
OR,97229
CA,92011
CA,92101
CA,92116
 , 
CA,95125
AZ,85234
CA,91977
CA,92562
CA,92107
CO,92101
CA,91104
CA,92101
CA,92101
 , 
CA,92101
 , 
CA,93010
CA,92024
CA,92109
CA,92805
CA,92109
CA,92109
CA,92130
CA,92109
CA,92107
CA,92109
 , 
 , 
CA,92101
CO,92109
CA,91914
 , 
CA,91910-7507
CA,92108
CA,92106
CA,92374
CA,94580
CA,92131
CA,92104
 , 
CA,92037
CA,92104
 , 
 , 
CA,92883
CA,90401
CA,92117
CA,90241
CA,92020
CA,92101
GA,32792
CA,92116
 , 
PA,19608
 , 
 , 
CA,90732
CA,90732
CA,95066
CA,92108
CA,92120
CA,92110
CA,92101
CA,92104
CA,92054
CA,92019
CA,92120
CA,92024
CA,92104
CA,94925
MN,55902
CA,92078
CA,91950-1331
CO,92037
CA,92672
CO,92107
 ,Le7 7jg
CA,92109
 , 
CA,92117
CA,92109
 , 
 , 
 , 
CA,92630
CA,91977
CA,91977
 , 
CA,92107
CA,92595
CA,92806
CA,92119
CA,92780
CA,95366
CA,92130
CA,92154
 , 
CA,92677
CA,92201
CA,90303
CA,92109
CA,92109
CO,92101
 , 
CA,92101
CA,94526
CA,91302
 , 
CA,92078
CA,92037
CO,92117
CA,92064
 , 
CA,95765
CA,92107
CA,92105
WA,98092
CA,92008
CO,80205
CA,94517
CA,92124
CA,92101
CO,92054
CA,92127
WA,98107
WA,98107
WA,99212
CA,92123
 , 
CO,92037
CA,92104
CA,92128
WI,53929
 , 
CA,92130
 , 
CA,92037
 , 
 , 
CA,92113
CA,92109
CA,92562
CA,92802
CA,92105
CA,92126
CA,92506
CA,92069
CA,92109
UT,84102
CO,92103
CA,95624
CO,92506
CA,92116
CO,92107
CA,92115
CA,91942
BC,V6G1Y7
CA,92083
CA,92562
CA,92105
CA,92069
CA,92506
CA,91301
UT,84791
 , 
CA,92126
CA,92677
NV,89502
CA,92336
CA,92123
CA,92109
 , 
CA,92101
 , 
NV,89012
IA,52722
CA,92067
CA,92101
CA,92102
CA,92037-2212
CA,92122
CA,92236-5416
CA,92544
 , 
 , 
CA,92101
CA,92392
CA,92109
CA,92618
CA,92065
CA,92102
 , 
 , 
 , 
CA,92111
 , 
CA,92104
CA,92626
CA,92113
CA,91710
CA,92101
CA,92120
MS,39581
 , 
 , 
CA,92612
AK,80013
AK,80013
BC,V4B 3A9
 , 
CA,92154
 , 
 , 
 , 
 , 
CA,92553
CA,93458
CA,92301
CA,92109
CA,92113
CA,91942
 , 
CA,92123
CA,90260
CA,92104
CA,91755
 , 
CA,95618
CA,92122
CO,92122
 , 
IL,60419
CA,92101
 , 
 , 
CA,92056
CA,92114
CA,92065
CA,92105
CA,92115
CA,92122
CA,90222
MD,21244
CA,91766
 , 
CA,92101
CO,80439
CA,91042
VIC,3088
 , 
CA,93535
CA,91803
CA,92869
CA,92703
CA,92595
CA,92009
CA,91915
CA,92394
 ,660
CA,92065
CA,90304
CA,92592
CA,92612
CA,92019
CA,92154
CA,92201
CA,92557
CA,92301
CO,94597
 , 
CA,92109
 , 
CA,92551
CA,92122
CA,92571
CA,92571
CA,92592
KY,40503
CA,92057
CA,92113
PA,19063
 , 
CA,92054
FL,33021
CA,92055
CA,92870
 , 
 , 
 , 
CO,92115
CA,92122
NC,27377
CA,91709
CA,92122
CA,92675
 , 
CA,92507
CA,92392
CA,92111
CA,92024
CA,92106
 , 
CA,92108
CO,94086
CA,92102
GA,30233
NY,11355
CO,91739
CA,92887
CA,91910
CA,92128
 , 
CA,92115
 , 
FL,32920
 , 
CA,92404
CA,92109
CA,92595
CA,91910
FL,33901
CA,92154
CA,90002
CA,92110
CA,92270
WI,54151
CA,92058
CA,92118
CA,92065
CA,92065
CA,92065
CA,92040
 , 
CA,92880
GA,30033
 , 
 , 
 , 
 , 
CA,92843
 , 
CA,92807
CA,91945
CA,92115
CA,91911
CA,95835
CA,92083
CA,91945
CA,92029
CA,92251
CA,92126
CA,91911
CA,92662
CA,92102
CA,92336
CA,92145
 , 
CA,95691
CA,92064
CA,92064
CA,92154
CA,91945
CA,91910
CA,92084
CA,92027
 , 
CA,92065
CO,92405
CA,92880
CA,92509
CA,92395
CO,93458
CA,93535
CA,92596
 , 
 , 
CA,92543
CA,92154-1025
CA,92105
CA,92410
CO,92122
CA,90066
CA,92025
CA,93021
CA,92562-2915
CA,92113
 , 
 , 
CA,90032
CA,91941
FL,32825
CA,92154
 , 
 , 
CA,92027
CA,92081
 , 
CA,91950
CA,92113
CA,92078
CA,92108
CA,93550
CA,90032
CA,92154
 , 
CA,91911
CA,90605
CA,92108
CA,92108
CA,91761
CA,92122
PA,19106
CA,92595
CO,92154
CA,92122
 , 
CA,92119
CA,95123
CA,92108
CA,92123
SC,29115
CA,92627
 , 
AK,80013
 , 
CA,91915
CA,92555
 , 
 , 
CA,92109
CA,92111
CA,92270
CA,91786
MA,1608
CA,92106
CA,92116
CA,92101
CA,92509
CA,92011
CA,90021
CA,90021
 , 
CA,92105
CA,93292
CA,92092
CO,92126
CA,92123
CA,92122
CA,91910
CA,92128
FL,33487
PA,19106
CA,92081
CO,80537
CA,92647
CA,91020
CO,92078
CA,92131
CA,91914
CA,91913
CA,92129
CO,92618
CA,92065
CA,91789
ME,22030
CA,92131
CA,91911
CA,91902
CO,92129
CA,92129
CA,92024
CA,93722
 , 
CA,91601
CA,94108
CA,92117
CA,91911
PA,19403
 , 
CA,92109
CA,92117
CA,92027
CO,95542
CO,95542
CA,91911
CA,92101
CA,92101
CA,91941
CA,91941
CA,92592
CA,92122
CO,92109
CA,92123
CA,92122
 , 
NJ,8816
FL,34771
 , 
CA,90602
CA,90602
CA,92104
CA,92116
CA,92530
ON,N5X 4J3
 , 
 , 
 , 
CA,92109
CA,92592
AK,99501
CA,92071
 , 
 ,8052
CA,92115
CA,91910
CA,92084
CA,92084
CA,92109
CO,80022
CA,95501
CA,91911
CA,90660
CA,92532
CA,92109
CA,92555
CA,91942
CA,92103
CA,92108
CA,91746
CA,90505
 ,8014
CA,91932
CA,92101
CA,92101
CA,92115
CA,90602
 , 
CA,92109
CA,92101
CO,92103
CA,90275
CA,91977
CA,92108
CA,93301
CA,92101
CA,94102
GA,30019
CA,91326
CA,92122
CA,92122
 , 
?, 
CA,92122
CA,92057
CA,92127
 , 
CA,92037
CA,92782
CA,93612
CO,91942-2721
CA,92115
CA,92024
CA,92101
CA,92173
 , 
CA,91945
CO,91945
CA,91950
CA,92116
CO,92116
CA,91910
CA,92131
CA,92103
CA,92117
 , 
CA,90004
CA,92109
CA,92109
CO,92101
CA,93561
 , 
CA,95125
 , 
 , 
CA,91911
CA,90813
CA,92026
CA,92040
 , 
CO,92530
CA,92651
 , 
CA,92101
 , 
FL,32835
CA,92104
 , 
CA,92064
CA,92003
MB,R3P1E6
 , 
CA,92101
CA,92111
CO,92114
CA,92124
CA,92116
AZ,85008
CA,91945
CA,92154
CA,95117
AZ,85008
CA,92069
CA,92101
CA,92101
CA,95370
CA,91326
CA,92108
 , 
CA,90025
MD,20904
CA,91913
CA,92111
CA,91910
CA,92108
 , 
 , 
CA,92112
CO,92116
CA,92114
CA,92105
CA,92107
CA,92075
CA,95762
CA,92102
CA,92101
CA,92103
CA,92014
CA,93536
CA,90631
CA,92027
CA,92508
CA,91950
CA,92101
CA,92630
CA,90640
CA,92131
 , 
 , 
KY,40503
CA,92571
CA,92105
CA,91789
 , 
CA,93727
CA,91731
CA,92111
CA,92585
NC,27104
CA,92620
CA,91910
CA,92551
CA,92025
CA,92118
 , 
CA,92571
CA,92108
CO,92037
CA,92129
 , 
CA,92115
CA,92548
CA,91748
CA,90631
CA,91733
CA,91740
CA,92037
CA,91910
CA,91941
CA,92707
CA,92020
CA,93105
CA,95032
CA,92123
CA,92109
CA,92503
FL,33184
CA,92008
 , 
CA,91910
CA,92173
CA,91910
CA,92122
 , 
CA,92057
CA,91910
CA,92092
CA,92101
CA,91932
CA,92104
CA,92104
CA,92027
CA,92009
 , 
CA,92585
 , 
CA,92057
CA,92126
CA,92027
CA,92647
CA,92154
CA,92115
CA,92101
CA,94564
CA,93109
 , 
CA,92110
CA,92058
CA,92612
CA,92108
CA,92110
CA,92139
CA,92620
CA,92131
CA,92145
MD,20657
CA,92101
CA,92107
 , 
CA,92027
CA,92629
CA,92570
CA,92116
CA,91950
CA,92111
CA,92571
CA,92104
CA,91942
CA,92101
CA,91740
CA,91913
CA,94710
CA,92117
 , 
 , 
CA,92110
CA,92139
CA,92069
CA,92596
CA,92026
 ,KT2 7EA
CA,92024
CA,96161
CA,91950
CA,92056
CA,90606
NY,11368
CA,91950
CA,92129
CA,91302
CA,91302
CA,90025
CA,92116
CA,91902
CA,90034
 , 
 , 
CA,92571
CO,92008
CA,92606
TX,78266
 ,8013
CA,92629
CA,92026
CA,91709
 , 
 , 
CA,93708
CA,91754
CA,92101
CA,92037
NV,89508
CA,92103
CA,92109
CA,92101
 , 
CA,92026
 , 
CA,92103
CA,92024
TX,76092
CA,92101
 , 
CA,92101
CA,92010
CA,93561
CA,92606
CA,92101
CA,92101
CA,92114
WI,54952
CO,91741
CA,92131
 , 
 , 
CA,91950
CA,92101
TX,75082
CA,92596
 , 
CA,92101
CO,92101
CA,92116
 , 
CA,92111
WA,99301
CA,92115
CA,92139
CA,91784
CA,91911
CA,91911
CA,92092
CA,91913
CA,92028
 , 
CA,92126
CA,92108
CA,94103
 , 
CA,92084
CA,92057
 , 
CA,92103
 , 
CA,91950
CA,91962
CA,92128
 , 
CA,92557
CA,92557
CA,92129
CA,92108
CA,92057
 , 
CA,92037-2212
CA,92113
CA,91776
CO,92101
